{"_step":65100,"num_params":5028866,"train/count":1,"_wandb":{"runtime":42714},"train/accuracy":0.9802820287044579,"train/q_halt_loss":0.030096247792243958,"train/steps":3.4075829383886256,"train/lm_loss":0.49203097375789256,"train/exact_accuracy":0.9383886255924171,"train/lr":0.0001,"all":{"lm_loss":0.12458687275648117,"q_halt_accuracy":0.9992052912712097,"q_halt_loss":0.007350206840783358,"steps":16,"accuracy":0.9463024139404297,"exact_accuracy":0.8586353659629822},"_runtime":42714.415033104,"_timestamp":1.7632953045759552e+09,"train/q_halt_accuracy":0.990521327014218}