{"all":{"steps":16,"accuracy":0.8329934477806091,"exact_accuracy":0.5612579584121704,"lm_loss":0.37293168902397156,"q_halt_accuracy":0.9975022673606873,"q_halt_loss":0.02281491830945015},"train/accuracy":0.9988510243213959,"_runtime":24571.795103634,"train/q_halt_loss":0.1636260747909546,"train/steps":1.3722627737226278,"train/lm_loss":0.04906322586242166,"_timestamp":1.7632470097110362e+09,"train/exact_accuracy":0.968978102189781,"_step":65100,"train/count":1,"train/q_halt_accuracy":0.968978102189781,"_wandb":{"runtime":24571},"num_params":5028866,"train/lr":0.0001}